Victim Name(s),Month,Year,County,State,Full Address,Latitude,Longitude,Race,Sex,Alleged Offense
Gaines Hall,April,1904,Autauga,AL,Autauga AL ,32.5791817,-86.4996546,Blk,Male,Assaulted woman (rape)
Walter Clayton,April,1908,Baldwin,AL,Baldwin AL ,30.6010744,-87.7763333,Blk,Male,Rape
George Ward,June,1885,Barbour,AL,Barbour AL ,31.8172896,-85.354965,Blk,Male,Murder
Iver Peterson,October,1911,Barbour,AL,Barbour AL ,31.8172896,-85.354965,Blk,Male,Attempted assault (rape)
William Jenkins,January,1922,Barbour,AL,Barbour AL ,31.8172896,-85.354965,Blk,Male,Insulted woman
John Davis,November,1886,Bibb,AL,Bibb AL ,32.9562798,-87.1422895,Blk,Male,Assault woman (rape)
Unnamed Negro,June,1887,Bibb,AL,Bibb AL ,32.9562798,-87.1422895,Blk,Male,Attm. Criminal Assault
Unnamed Negro,July,1893,Bibb,AL,Bibb AL ,32.9562798,-87.1422895,Blk,Male,Murder
Unnamed Negro,September,1893,Bibb,AL,Bibb AL ,32.9562798,-87.1422895,Blk,Male,Rape
Joseph James,December,1896,Bibb,AL,Bibb AL ,32.9562798,-87.1422895,Blk,Male,Assaulted girl (rape)
James Jackson,February,1897,Bibb,AL,Bibb AL ,32.9562798,-87.1422895,Blk,Male,Attempted rape
William Hill,June,1899,Bibb,AL,Bibb AL ,32.9562798,-87.1422895,Blk,Male,Accomplice in murder
Joe Scott,June,1904,Bibb,AL,Bibb AL ,32.9562798,-87.1422895,Blk,Male,Murder
Grant Richardson,October,1910,Bibb,AL,Bibb AL ,32.9562798,-87.1422895,Blk,Male,Rape
Unnamed Negro,January,1917,Bibb,AL,Bibb AL ,32.9562798,-87.1422895,Blk,Male,Attempted assault (rape)
James McMillan,June,1919,Bibb,AL,Bibb AL ,32.9562798,-87.1422895,Blk,Male,Unknown
Tobe Williams,July,1890,Blount,AL,Blount AL ,34.0145152,-86.4996546,Blk,Male,Criminal assault (rape)
Toby McGrady,October,1895,Bullock,AL,Bullock AL ,32.0573536,-85.7256372,Blk,Male,Rape
Will Scott,January,1907,Bullock,AL,Bullock AL ,32.0573536,-85.7256372,Blk,Male,Entered girl's room
Unnamed Negro,September,1891,Butler,AL,Butler AL ,32.0895908,-88.2219652,Blk,Male,Murder
Unnamed Negro,September,1891,Butler,AL,Butler AL ,32.0895908,-88.2219652,Blk,Male,Murder
James Hip,December,1892,Butler,AL,Butler AL ,32.0895908,-88.2219652,Unk,Male,Murder
Charles Kelly,December,1892,Butler,AL,Butler AL ,32.0895908,-88.2219652,Unk,Male,Murder
Samuel Smith,January,1894,Butler,AL,Butler AL ,32.0895908,-88.2219652,Blk,Male,Attempted Murder
Mary Deane,April,1895,Butler,AL,Butler AL ,32.0895908,-88.2219652,Blk,Female,Murder
Martha Greene,April,1895,Butler,AL,Butler AL ,32.0895908,-88.2219652,Blk,Female,Murder
Alice Green,April,1895,Butler,AL,Butler AL ,32.0895908,-88.2219652,Blk,Female,Murder
Zeb Colley,April,1895,Butler,AL,Butler AL ,32.0895908,-88.2219652,Blk,Male,Murder
John Rateler,April,1895,Butler,AL,Butler AL ,32.0895908,-88.2219652,Blk,Male,Murder
Solomon Jones,July,1899,Butler,AL,Butler AL ,32.0895908,-88.2219652,Blk,Male,Attm. Assault on woman
Frank Reeves,May,1901,Butler,AL,Butler AL ,32.0895908,-88.2219652,Blk,Male,Attempted rape
Dock Hartley,January,1915,Butler,AL,Butler AL ,32.0895908,-88.2219652,Blk,Male,Burglary
Select Reeves,October,1920,Butler,AL,Butler AL ,32.0895908,-88.2219652,Blk,Male,Murderous assault
John Brooks,October,1882,Calhoun,AL,Calhoun AL ,33.7701576,-85.80766,Blk,Male,Rape
Unnamed Negro,March,1892,Calhoun,AL,Calhoun AL ,33.7701576,-85.80766,Blk,Male,Attempted rape
Abernathy,October,1900,Calhoun,AL,Calhoun AL ,33.7701576,-85.80766,Blk,Male,Attempted assault (rape)
Unnamed Negro,October,1910,Calhoun,AL,Calhoun AL ,33.7701576,-85.80766,Blk,Male,Criminal assault (rape)
John Fitch,September,1896,Chambers,AL,Chambers AL ,32.9028048,-85.354965,Blk,Male,Attempted rape
John Anderson,October,1898,Chambers,AL,Chambers AL ,32.9028048,-85.354965,Blk,Male,Murder
John Kellogg,February,1898,Cherokee,AL,Cherokee AL ,34.7570342,-87.9728143,Blk,Male,Attempted rape
John Callow,March,1898,Cherokee,AL,Cherokee AL ,34.7570342,-87.9728143,Blk,Male,Attending white girl
Scipio Atchison,May,1885,Chilton,AL,Chilton AL ,32.944392,-86.6611083,Blk,Male,Threats to kill
Frank Griffin,March,1890,Chilton,AL,Chilton AL ,32.944392,-86.6611083,Blk,Male,Rape
Ray Porter,August,1891,Chilton,AL,Chilton AL ,32.944392,-86.6611083,Blk,Male,Murder
Lindsay Harper,July,1893,Chilton,AL,Chilton AL ,32.944392,-86.6611083,Blk,Male,Attempted assault (rape)
Lewis Hendricks,February,1894,Chilton,AL,Chilton AL ,32.944392,-86.6611083,Blk,Male,Rape & murder
Abram Seddon,February,1894,Chilton,AL,Chilton AL ,32.944392,-86.6611083,Blk,Male,Rape & murder
William George,February,1894,Chilton,AL,Chilton AL ,32.944392,-86.6611083,Blk,Male,Rape & murder
James Powell,June,1895,Chilton,AL,Chilton AL ,32.944392,-86.6611083,Blk,Male,Assaulting girl (rape)
Charles Young,March,1914,Chilton,AL,Chilton AL ,32.944392,-86.6611083,Blk,Male,Assault (rape) & robbery
Jack Turner,August,1882,Choctaw,AL,Choctaw AL ,32.0716631,-88.2461183,Blk,Male,Incendiarism
Harry Hinton,January,1892,Choctaw,AL,Choctaw AL ,32.0716631,-88.2461183,Blk,Male,Outlaw
GH Rose,May,1892,Choctaw,AL,Choctaw AL ,32.0716631,-88.2461183,Blk,Male,Attempted Rape
Wiley Campbell,June,1902,Choctaw,AL,Choctaw AL ,32.0716631,-88.2461183,Blk,Male,Attempted murder
Azariah Curtis,December,1912,Choctaw,AL,Choctaw AL ,32.0716631,-88.2461183,Blk,Male,Murder
Jordan,July,1921,Choctaw,AL,Choctaw AL ,32.0716631,-88.2461183,Blk,Male,Murder
Alexander Reed,December,1885,Clarke,AL,Clarke AL ,31.7002461,-87.7763333,Blk,Male,Murder
Tom Jackson,June,1912,Clarke,AL,Clarke AL ,31.7002461,-87.7763333,Blk,Male,Murder
Jesse Hatch,May,1915,Clarke,AL,Clarke AL ,31.7002461,-87.7763333,Blk,Male,Attacked woman (rape)
Archie Robinson,August,1919,Clarke,AL,Clarke AL ,31.7002461,-87.7763333,Blk,Male,Assault
Unnamed Negro,August,1919,Clarke,AL,Clarke AL ,31.7002461,-87.7763333,Blk,Male,Assault
Edward Prater,July,1892,Clay,AL,Clay AL ,33.7026013,-86.5997096,Blk,Male,Criminal assault (rape)
George Richardson,July,1897,Clay,AL,Clay AL ,33.7026013,-86.5997096,Blk,Male,Attempted rape
Ray Rolston,November,1909,Cleburne,AL,Cleburne AL ,33.6261707,-85.520024,Blk,Male,Criminal assault (rape)
John W Pennington,August,1901,Coffee,AL,Coffee AL ,31.4751172,-86.0121573,Blk,Male,Rape
George Ware,April,1883,Colbert,AL,Colbert AL ,34.7117567,-87.8942451,Blk,Male,Murder
Jordan,May,1885,Colbert,AL,Colbert AL ,34.7117567,-87.8942451,Blk,Male,Attempted assault (rape)
Oscar Coger,January,1888,Colbert,AL,Colbert AL ,34.7117567,-87.8942451,Blk,Male,Attempted arson
Fayett Delaney,April,1894,Colbert,AL,Colbert AL ,34.7117567,-87.8942451,Blk,Male,Arson
Emmet Delaney,April,1894,Colbert,AL,Colbert AL ,34.7117567,-87.8942451,Blk,Male,Arson
Ed Felton,April,1894,Colbert,AL,Colbert AL ,34.7117567,-87.8942451,Blk,Male,Arson
William Reynolds,April,1902,Colbert,AL,Colbert AL ,34.7117567,-87.8942451,Blk,Male,Murder
Samuel Davenport,January,1909,Colbert,AL,Colbert AL ,34.7117567,-87.8942451,Blk,Male,Barn-burning
William Bird,November,1918,Colbert,AL,Colbert AL ,34.7117567,-87.8942451,Blk,Male,Threats to kill
George Whiteside,November,1918,Colbert,AL,Colbert AL ,34.7117567,-87.8942451,Blk,Male,Murder
Jordan Corbin,June,1883,Coosa,AL,Coosa AL ,32.8897772,-86.2196937,Blk,Male,Murder
Pedigree,February,1906,Covington,AL,Covington AL ,31.3066438,-86.4996546,Blk,Male,Rape
Neal Sanders,November,1907,Covington,AL,Covington AL ,31.3066438,-86.4996546,Blk,Male,Assaulted woman (rape)
Bush Withers,October,1910,Covington,AL,Covington AL ,31.3066438,-86.4996546,Blk,Male,Criminal assault (rape)
Reeves,October,1910,Covington,AL,Covington AL ,31.3066438,-86.4996546,Blk,Male,Rape & murder
Jim Green,February,1913,Covington,AL,Covington AL ,31.3066438,-86.4996546,Blk,Male,Murderous assault
John Womack,May,1918,Covington,AL,Covington AL ,31.3066438,-86.4996546,Blk,Male,Attempted rape
Jack Waters,January,1920,Covington,AL,Covington AL ,31.3066438,-86.4996546,Blk,Male,Attempted assault (rape)
Mack Segars,December,1893,Crenshaw,AL,Crenshaw AL ,31.6671872,-86.3376761,Blk,Male,Attempted assault (rape)
Charles Hurt,August,1899,Crenshaw,AL,Crenshaw AL ,31.6671872,-86.3376761,Blk,Male,Attempted assault (rape)
Sills Spinks,July,1920,Dale,AL,Dale AL ,31.4645298,-85.684578,Blk,Male,Murderous assault
Juster Jennings,July,1920,Dale,AL,Dale AL ,31.4645298,-85.684578,Blk,Male,Murderous assault
Henry Ivy,April,1882,Dallas,AL,Dallas AL ,32.2332138,-87.1422895,Blk,Male,Murder
Jim Acoff,April,1882,Dallas,AL,Dallas AL ,32.2332138,-87.1422895,Blk,Male,Murder
William Webb,February,1892,Dallas,AL,Dallas AL ,32.2332138,-87.1422895,Blk,Male,Assaulted woman (rape)
Daniel Edwards,June,1893,Dallas,AL,Dallas AL ,32.2332138,-87.1422895,Blk,Male,Rape
Benjamin Minter,December,1893,Dallas,AL,Dallas AL ,32.2332138,-87.1422895,Blk,Male,Murder
Jim Wilkins,December,1893,Dallas,AL,Dallas AL ,32.2332138,-87.1422895,Blk,Male,Murder
Joseph Givham,December,1893,Dallas,AL,Dallas AL ,32.2332138,-87.1422895,Blk,Male,Murder
Isidore Mobley,August,1896,Dallas,AL,Dallas AL ,32.2332138,-87.1422895,Blk,Male,Attempted murder
William Hunter,August,1896,Dallas,AL,Dallas AL ,32.2332138,-87.1422895,Blk,Male,Attempted murder
Sam Ellis,March,1898,Dallas,AL,Dallas AL ,32.2332138,-87.1422895,Blk,Male,Attempted murder
Edward Mays,May,1901,Dallas,AL,Dallas AL ,32.2332138,-87.1422895,Blk,Male,Implicated in murder
Dock Mays,May,1901,Dallas,AL,Dallas AL ,32.2332138,-87.1422895,Blk,Male,Implicated in murder
Robert Dawson,May,1901,Dallas,AL,Dallas AL ,32.2332138,-87.1422895,Blk,Male,Implicated in murder
Edmund Bell,August,1908,Dallas,AL,Dallas AL ,32.2332138,-87.1422895,Blk,Male,Murder
Soloman Jackson,June,1898,Elmore,AL,Elmore AL ,32.5387448,-86.3149712,Blk,Male,Murder
Louis Spier,June,1898,Elmore,AL,Elmore AL ,32.5387448,-86.3149712,Blk,Male,Murder
Ham Thompson,June,1898,Elmore,AL,Elmore AL ,32.5387448,-86.3149712,Blk,Male,Murder
Reese Thompson,June,1898,Elmore,AL,Elmore AL ,32.5387448,-86.3149712,Blk,Male,Murder
Peter Louin,August,1899,Elmore,AL,Elmore AL ,32.5387448,-86.3149712,Blk,Male,Murderous assault
Son of Peter Louin,August,1899,Elmore,AL,Elmore AL ,32.5387448,-86.3149712,Blk,Male,Murderous assault
Zeb Floyd,September,1900,Elmore,AL,Elmore AL ,32.5387448,-86.3149712,Blk,Male,Attempted rape
Wallace Townsend,October,1900,Elmore,AL,Elmore AL ,32.5387448,-86.3149712,Blk,Male,Attempted rape
Bob White,July,1901,Elmore,AL,Elmore AL ,32.5387448,-86.3149712,Blk,Male,Shot at a man
Berney,November,1912,Elmore,AL,Elmore AL ,32.5387448,-86.3149712,Blk,Male,Injuring a girl
Ed Smith,January,1915,Elmore,AL,Elmore AL ,32.5387448,-86.3149712,Blk,Male,Murder
William Smith,January,1915,Elmore,AL,Elmore AL ,32.5387448,-86.3149712,Blk,Male,Murder
Unnamed Negro,February,1912,Escambia,AL,Escambia AL ,31.1394734,-87.1422895,Blk,Male,Murder
Noah Dickson,May,1889,Etowah,AL,Etowah AL ,34.0455341,-86.0529604,Blk,Male,Attempted rape
Bunk Richardson,February,1906,Etowah,AL,Etowah AL ,34.0455341,-86.0529604,Blk,Male,Rape & murder
David Dunce,January,1888,Franklin,AL,Franklin AL ,32.4784706,-85.8024562,Ukn,Male,Murder
El Hudson,March,1891,Franklin,AL,Franklin AL ,32.4784706,-85.8024562,Blk,Male,Arson
Jeff Denzmore,March,1891,Franklin,AL,Franklin AL ,32.4784706,-85.8024562,Blk,Male,Arson
Unnamed Negro,May,1900,Geneva,AL,Geneva AL ,31.0329572,-85.8638242,Blk,Male,Criminal assault (rape)
Unnamed Negro,March,1907,Geneva,AL,Geneva AL ,31.0329572,-85.8638242,Blk,Male,Attempted assault (rape)
Joe Robertson,July,1884,Greene,AL,Greene AL ,32.9718107,-87.9334803,Blk,Male,Rape
Short,September,1884,Hale,AL,Hale AL ,32.7859102,-87.6186379,Blk,Male,Rape
Jack Myrick,August,1887,Henry,AL,Henry AL ,31.4469377,-85.1894045,Blk,Male,Assaulted woman (rape)
Ella Williams,August,1891,Henry,AL,Henry AL ,31.4469377,-85.1894045,Blk,Female,Arson
Lizzie Lowe,August,1891,Henry,AL,Henry AL ,31.4469377,-85.1894045,Blk,Female,Arson
Willis Lowe,August,1891,Henry,AL,Henry AL ,31.4469377,-85.1894045,Blk,Male,Arson
Belle Williams,August,1891,Henry,AL,Henry AL ,31.4469377,-85.1894045,Blk,Unk,Arson
Unnamed Negro,December,1913,Henry,AL,Henry AL ,31.4469377,-85.1894045,Blk,Male,Attempted assault (rape)
John Booker Davis,October,1893,Henry,AL,Henry AL ,31.4469377,-85.1894045,Blk,Male,Entered girl's room
John Roe,July,1900,Houston,AL,Houston AL ,34.1414925,-87.2580686,Blk,Male,Attempted rape
Henry McKinnney,July,1910,Houston,AL,Houston AL ,34.1414925,-87.2580686,Blk,Male,Entered girl's room
Samuel Lewis,April,1883,Indeterminant,AL,Indeterminant AL ,38.9959508,-77.0988323,Blk,Male,Murder
Will Davis,August,1911,Indeterminant,AL,Indeterminant AL ,38.9959508,-77.0988323,Blk,Male,Murder
Andy Hames,May,1895,Jackson,AL,Jackson AL ,31.5090521,-87.8944435,Blk,Male,Murder
John Smith,March,1897,Jackson,AL,Jackson AL ,31.5090521,-87.8944435,Blk,Male,Attempted assault (rape)
Andrew Dimms,June,1903,Jackson,AL,Jackson AL ,31.5090521,-87.8944435,Blk,Male,Attempted assault (rape)
Lewis Houston,November,1883,Jefferson,AL,Jefferson AL ,32.3859585,-87.9017188,Blk,Male,Attempted rape
Monroe Johnson,September,1887,Jefferson,AL,Jefferson AL ,32.3859585,-87.9017188,Blk,Male,Murder
Jeff Curry,March,1888,Jefferson,AL,Jefferson AL ,32.3859585,-87.9017188,Blk,Male,Threats to kill
Hardy Posey,April,1888,Jefferson,AL,Jefferson AL ,32.3859585,-87.9017188,Blk,Male,Attempted rape
George Meadows,January,1889,Jefferson,AL,Jefferson AL ,32.3859585,-87.9017188,Blk,Male,Sexual Assault & murder
John Sleet,September,1889,Jefferson,AL,Jefferson AL ,32.3859585,-87.9017188,Blk,Male,Murder
Henry Smith,November,1890,Jefferson,AL,Jefferson AL ,32.3859585,-87.9017188,Blk,Male,Assaulting woman (rape)
Unnamed Negro,November,1890,Jefferson,AL,Jefferson AL ,32.3859585,-87.9017188,Blk,Male,Inciting a riot
James Anderson,October,1896,Jefferson,AL,Jefferson AL ,32.3859585,-87.9017188,Blk,Male,Murder
William Wardley,December,1896,Jefferson,AL,Jefferson AL ,32.3859585,-87.9017188,Blk,Male,Counterfeiting
Jim Thomas,July,1897,Jefferson,AL,Jefferson AL ,32.3859585,-87.9017188,Blk,Male,Entered woman's room
Unnamed Negro,May,1901,Jefferson,AL,Jefferson AL ,32.3859585,-87.9017188,Blk,Male,Mistaken Identity
Jerry Johnson,September,1907,Jefferson,AL,Jefferson AL ,32.3859585,-87.9017188,Blk,Male,Attempted assault (rape)
Will Millans,August,1908,Jefferson,AL,Jefferson AL ,32.3859585,-87.9017188,Blk,Male,Dynamiting
John Thomas,April,1909,Jefferson,AL,Jefferson AL ,32.3859585,-87.9017188,Blk,Male,Criminal assault (rape)
John Chandler,January,1912,Jefferson,AL,Jefferson AL ,32.3859585,-87.9017188,Blk,Male,Murder
Will Smith,November,1912,Jefferson,AL,Jefferson AL ,32.3859585,-87.9017188,Blk,Male,Murder
Wilson Gardener,August,1913,Jefferson,AL,Jefferson AL ,32.3859585,-87.9017188,Blk,Male,Unknown
Ed White,June,1894,Lamar,AL,Lamar AL ,33.6923649,-88.0900762,Blk,Male,Assaulted woman (rape)
Andy Beard,March,1897,Lamar,Al,Lamar Al ,33.6923649,-88.0900762,Blk,Male,Eloped with a white girl
John Hayden,May,1897,Lamar,AL,Lamar AL ,33.6923649,-88.0900762,Blk,Male,Mistaken Identity
Louis Bonner,December,1897,Lamar,AL,Lamar AL ,33.6923649,-88.0900762,Blk,Male,Testifying
John Bonner,December,1897,Lamar,AL,Lamar AL ,33.6923649,-88.0900762,Blk,Male,Testifying
Albert Anderson,September,1898,Lamar,AL,Lamar AL ,33.6923649,-88.0900762,Blk,Male,Murder
Cleveland Harding,March,1907,Lauderdale,AL,Lauderdale AL ,34.8840876,-87.658113,Blk,Male,Attempted assault (rape)
Calvin Moody,July,1888,Lawrence,AL,Lawrence AL ,34.567428,-87.3016132,Blk,Male,Murder
Andrew Sloss,November,1899,Lawrence,AL,Lawrence AL ,34.567428,-87.3016132,Blk,Male,Attempted rape
Bud Davis,March,1901,Lawrence,AL,Lawrence AL ,34.567428,-87.3016132,Blk,Male,Shot woman
Alexander Herman,July,1901,Lawrence,AL,Lawrence AL ,34.567428,-87.3016132,Blk,Male,Murder
John Hart,November,1886,Lee,AL,Lee AL ,32.5888702,-85.3962769,Blk,Male,Murder
George Hart,November,1887,Lee,AL,Lee AL ,32.5888702,-85.3962769,Blk,Male,Murder
Charles Humphries,March,1900,Lee,AL,Lee AL ,32.5888702,-85.3962769,Blk,Male,Attempted rape
Samuel Harris,November,1902,Lee,AL,Lee AL ,32.5888702,-85.3962769,Blk,Male,Murderous assault
Joe Harris,June,1901,Limestone,AL,Limestone AL ,34.7800072,-86.9423801,Blk,Male,Barn burning
Theo Calloway,March,1888,Lowndes,AL,Lowndes AL ,32.221464,-86.6611083,Blk,Male,Murder
William Westmoreland,June,1896,Lowndes,AL,Lowndes AL ,32.221464,-86.6611083,Blk,Male,Murder
Mrs Jim Cross,March,1900,Lowndes,AL,Lowndes AL ,32.221464,-86.6611083,Blk,Female,Unknown
Daughter of J Cross,March,1900,Lowndes,AL,Lowndes AL ,32.221464,-86.6611083,Blk,Female,Unknown
Son of Jim Cross,March,1900,Lowndes,AL,Lowndes AL ,32.221464,-86.6611083,Blk,Male,Unknown
Jim Cross,March,1900,Lowndes,AL,Lowndes AL ,32.221464,-86.6611083,Blk,Male,Unknown
William Jones,December,1914,Lowndes,AL,Lowndes AL ,32.221464,-86.6611083,Blk,Male,Attempted assault (rape)
Will Powell,July,1917,Lowndes,AL,Lowndes AL ,32.221464,-86.6611083,Blk,Male,Threat to kill
Jesse Powell,July,1917,Lowndes,AL,Lowndes AL ,32.221464,-86.6611083,Blk,Male,Threat to kill
Leonard Coker,August,1882,Macon,AL,Macon AL ,32.3731182,-85.684578,Blk,Male,Rape & murder
Wes Brown,October,1883,Madison,AL,Madison AL ,34.6992579,-86.7483318,Blk,Male,Murder
Robert Moseley,March,1890,Madison,AL,Madison AL ,34.6992579,-86.7483318,Blk,Male,Attempted murder
Mollie Smith,May,1897,Madison,AL,Madison AL ,34.6992579,-86.7483318,Blk,Female,Murder
Amanda Franks,May,1897,Madison,AL,Madison AL ,34.6992579,-86.7483318,Blk,Female,Murder
Jim Nance,May,1897,Madison,AL,Madison AL ,34.6992579,-86.7483318,Blk,Male,Murder
Elijah Clark,July,1900,Madison,AL,Madison AL ,34.6992579,-86.7483318,Blk,Male,Criminal assault (rape)
Horace Maples,September,1904,Madison,AL,Madison AL ,34.6992579,-86.7483318,Blk,Male,Murder
Herman Deely,January,1915,Madison,AL,Madison AL ,34.6992579,-86.7483318,Blk,Male,Murder
Monroe Smith,August,1893,Marengo,AL,Marengo AL ,32.2459085,-87.7763333,Blk,Male,Attempted rape
Rufus Lesseur,August,1904,Marengo,AL,Marengo AL ,32.2459085,-87.7763333,Blk,Male,Robbery
Clinton Montgomery,December,1909,Marengo,AL,Marengo AL ,32.2459085,-87.7763333,Blk,Male,Murder
Sam Verge,August,1912,Marengo,AL,Marengo AL ,32.2459085,-87.7763333,Blk,Male,Accomplice in murder
Willis Perkins,August,1912,Marion,AL,Marion AL ,32.6323536,-87.3191655,Blk,Male,Race prejudice
Zachariah Graham,March,1891,Mobile,AL,Mobile AL ,30.6953657,-88.0398912,Blk,Male,Attempted rape
Cornelius Robinson,October,1906,Mobile,AL,Mobile AL ,30.6953657,-88.0398912,Blk,Male,Assaulted girl (rape)
Will Thompson,October,1906,Mobile,AL,Mobile AL ,30.6953657,-88.0398912,Blk,Male,Assaulted girl (rape)
Moses Dossett,September,1907,Mobile,AL,Mobile AL ,30.6953657,-88.0398912,Blk,Male,Assaulted girl (rape)
Douglas Roberson,January,1909,Mobile,AL,Mobile AL ,30.6953657,-88.0398912,Blk,Male,Murder
Bill Walker,July,1910,Mobile,AL,Mobile AL ,30.6953657,-88.0398912,Blk,Male,Rape & murder
James E Lewis,June,1919,Mobile,AL,Mobile AL ,30.6953657,-88.0398912,Blk,Male,Unknown
Burrill Jones,October,1892,Monroe,AL,Monroe AL ,31.5119068,-87.460397,Blk,Male,Murder
Moses Johnson,October,1892,Monroe,AL,Monroe AL ,31.5119068,-87.460397,Blk,Male,Murder
Jim Packard,October,1892,Monroe,AL,Monroe AL ,31.5119068,-87.460397,Blk,Male,Murder
John Packard,October,1892,Monroe,AL,Monroe AL ,31.5119068,-87.460397,Blk,Male,Murder
Allen Parker,October,1892,Monroe,AL,Monroe AL ,31.5119068,-87.460397,Blk,Male,Arson
John Pharr,August,1897,Monroe,AL,Monroe AL ,31.5119068,-87.460397,Blk,Male,Murder
James Fox,August,1915,Monroe,AL,Monroe AL ,31.5119068,-87.460397,Blk,Male,Murderous assault
Ike Cook,August,1890,Montgomery,AL,Montgomery AL ,32.3792233,-86.3077368,Blk,Male,Terrorism
Oliver Jackson,March,1894,Montgomery,AL,Montgomery AL ,32.3792233,-86.3077368,Blk,Male,Murder
Robert Williams,February,1896,Montgomery,AL,Montgomery AL ,32.3792233,-86.3077368,Blk,Male,Murder
Henry Abrams,November,1897,Montgomery,AL,Montgomery AL ,32.3792233,-86.3077368,Blk,Male,Incest
John Dell,October,1910,Montgomery,AL,Montgomery AL ,32.3792233,-86.3077368,Blk,Male,Race Prejudice
Kid Jackson,August,1915,Montgomery,AL,Montgomery AL ,32.3792233,-86.3077368,Blk,Male,Poisoning mules
Unnamed Negro,August,1915,Montgomery,AL,Montgomery AL ,32.3792233,-86.3077368,Blk,Male,Poisoning mules
Henry Russell,August,1915,Montgomery,AL,Montgomery AL ,32.3792233,-86.3077368,Blk,Male,Poisoning mules
Miles Phifer,September,1919,Montgomery,AL,Montgomery AL ,32.3792233,-86.3077368,Blk,Male,Criminal assault (rape)
Robert Croskey,September,1919,Montgomery,AL,Montgomery AL ,32.3792233,-86.3077368,Blk,Male,Criminal assault (rape)
John Temple,September,1919,Montgomery,AL,Montgomery AL ,32.3792233,-86.3077368,Blk,Male,Murder
Wilbur Smith,March,1920,Montgomery,AL,Montgomery AL ,32.3792233,-86.3077368,Blk,Male,Attacked girl (rape)
Leon Orr,June,1896,Morgan,AL,Morgan AL ,34.4240875,-86.8621827,Blk,Male,Rape
Tom Stover,October,1908,Morgan,AL,Morgan AL ,34.4240875,-86.8621827,Blk,Malae,Attempted assault (rape)
George Fuller,December,1900,Perry,AL,Perry AL ,32.598888,-87.3016132,Blk,Male,Barn burning
Unnamed Negro,October,1886,Pickens,AL,Pickens AL ,33.3339954,-88.0900762,Blk,Unk,Arson
Unnamed Negro,October,1886,Pickens,AL,Pickens AL ,33.3339954,-88.0900762,Blk,Unk,Arson
Unnamed Negro,October,1886,Pickens,AL,Pickens AL ,33.3339954,-88.0900762,Blk,Unk,Arson
Ellen Fant,September,1893,Pickens,AL,Pickens AL ,33.3339954,-88.0900762,Blk,Female,Arson
David Williams,January,1893,Pickens,AL,Pickens AL ,33.3339954,-88.0900762,Blk,Male,Miscegenation
Joe Floyd,August,1893,Pickens,AL,Pickens AL ,33.3339954,-88.0900762,Blk,Male,Murder
Polk Hill,September,1893,Pickens,AL,Pickens AL ,33.3339954,-88.0900762,Blk,Male,Arson
Paul Archer,September,1893,Pickens,AL,Pickens AL ,33.3339954,-88.0900762,Blk,Male,Arson
William Archer,September,1893,Pickens,AL,Pickens AL ,33.3339954,-88.0900762,Blk,Male,Arson
Ed Guyton,September,1893,Pickens,AL,Pickens AL ,33.3339954,-88.0900762,Blk,Male,Arson
Unnamed Negro,July,1904,Pickens,AL,Pickens AL ,33.3339954,-88.0900762,Blk,Male,Proposals to white women
John Lipsey,August,1907,Pickens,AL,Pickens AL ,33.3339954,-88.0900762,Blk,Male,Rape
Unnamed Negro,July,1917,Pickens,AL,Pickens AL ,33.3339954,-88.0900762,Blk,Male,Burglary
Poe Hibbler,July,1917,Pickens,AL,Pickens AL ,33.3339954,-88.0900762,Blk,Male,Entered girl's room
Marshall McGregor,January,1899,Pike,AL,Pike AL ,31.8395163,-86.0121573,Blk,Male,Arson
Bill Fourney,September,1901,Pike,AL,Pike AL ,31.8395163,-86.0121573,Blk,Male,Attacked girls
Ben Ziegler,March,1902,Pike,AL,Pike AL ,31.8395163,-86.0121573,Blk,Male,Attempted rape
Jackson Walker,March,1911,Pike,AL,Pike AL ,31.8395163,-86.0121573,Blk,Male,Criminal assault (rape)
Abberdine Johnson,April,1911,Pike,AL,Pike AL ,31.8395163,-86.0121573,Blk,Male,Assault & robbery
Reddick Adams,April,1896,Russell,AL,Russell AL ,32.3552497,-85.1894045,Male,Male,Assault & robbery
Unnamed Negro,June,1890,Shelby,AL,Shelby AL ,33.3039292,-86.6611083,Blk,Male,Assaulted white woman
John Jennings,July,1900,Shelby,AL,Shelby AL ,33.3039292,-86.6611083,Blk,Male,Murder
Louis McAdams,January,1901,Shelby,AL,Shelby AL ,33.3039292,-86.6611083,Blk,Male,Murderous assault
Jesse Matson,May,1910,Shelby,AL,Shelby AL ,33.3039292,-86.6611083,Blk,Male,Murder
Frank Stone,July,1888,St. Clair,AL,St. Clair AL ,33.6530112,-86.3376761,Blk,Male,Attempted rape
Dick Mays,February,1893,St Clair,AL,St Clair AL ,33.6530112,-86.3376761,Blk,Male,Rape
Joseph Leeds,February,1896,St Clair,AL,St Clair AL ,33.6530112,-86.3376761,Blk,Male,Attempted criminal assault(rape)
Isaac Glover,September,1910,St Clair,AL,St Clair AL ,33.6530112,-86.3376761,Blk,Male,Murder
Jim Torney,July,1888,St Clair,AL,St Clair AL ,33.6530112,-86.3376761,Blk,Male,Eloped with white girl
Charley Bentley,August,1901,St Clair,AL,St Clair AL ,33.6530112,-86.3376761,Blk,Male,Murder
Thomas Douglas,February,1894,Sumter,AL,Sumter AL ,32.6155551,-88.2461183,Blk,Male,Murder
John Holly,September,1909,Sumter,AL,Sumter AL ,32.6155551,-88.2461183,Blk,Male,Murder
Unnamed Negro,December,1912,Sumter,AL,Sumter AL ,32.6155551,-88.2461183,Blk,Male,Murder
Richard Burton,January,1916,Sumter,AL,Sumter AL ,32.6155551,-88.2461183,Blk,Male,Assault & robbery
Jacob Robertson,July,1930,Sumpter,AL,Sumpter AL ,32.6155551,-88.2461183,Blk,Male,Murder
John Brown,September,1891,Talladega,AL,Talladega AL ,33.4359416,-86.1058048,Blk,Male,Testifying
Berry Roden,May,1892,Talladega,AL,Talladega AL ,33.4359416,-86.1058048,Blk,Male,Rape
Jim Roden,May,1892,Talladega,AL,Talladega AL ,33.4359416,-86.1058048,Blk,Male,Rape
Will Carter,May,1892,Talladega,AL,Talladega AL ,33.4359416,-86.1058048,Blk,Male,Rape
Fred Singleton,November,1907,Talladega,AL,Talladega AL ,33.4359416,-86.1058048,Blk,Male,Murder
Ernest Murphrey,June,1893,Tallapoosa,AL,Tallapoosa AL ,32.9201244,-85.8486236,Blk,Male,Criminal assault (rape)
Andy Burke,July,1884,Tuscaloosa,AL,Tuscaloosa AL ,33.2098407,-87.5691735,Blk,Male,Attempted rape
Bud Wilson,December,1889,Tuscaloosa,AL,Tuscaloosa AL ,33.2098407,-87.5691735,Blk,Male,Attempted rape
Unnamed Negro,February,1892,Tuscaloosa,AL,Tuscaloosa AL ,33.2098407,-87.5691735,Blk,Male,Robbery & arson
Unnamed Negro,February,1892,Tuscaloosa,AL,Tuscaloosa AL ,33.2098407,-87.5691735,Blk,Male,Robbery & arson
Sidney Johnson,July,1898,Tuscaloosa,AL,Tuscaloosa AL ,33.2098407,-87.5691735,Blk,Male,Rape
Christian Chalma,June,1892,Washington,AL,Washington AL ,31.3422346,-88.2461183,Blk,Male,Attempted murder
Dick Henderson,October,1895,Washington,AL,Washington AL ,31.3422346,-88.2461183,Blk,Male,Attempted rape
Hank Lucas,November,1907,Washington,AL,Washington AL ,31.3422346,-88.2461183,Blk,Male,Complicity in murder
Abe Sumrell,November,1907,Washington,AL,Washington AL ,31.3422346,-88.2461183,Blk,Male,Murder
William Lewis,April,1894,Wilcox,AL,Wilcox AL ,32.0105439,-87.3413599,Blk,Male,Murder
Arthur Stewart,December,1903,Wilcox,AL,Wilcox AL ,32.0105439,-87.3413599,Blk,Male,Shot Man
Edward Ptomey,March,1905,Wilcox,AL,Wilcox AL ,32.0105439,-87.3413599,Blk,Male,Murder
Will Ptomey,March,1905,Wilcox,AL,Wilcox AL ,32.0105439,-87.3413599,Blk,Male,Murder